id	score
MAM01374	-0.313270168220077
MAM02556	-0.587749469795781
MAM01296	-0.456548669022845
MAM03044	-0.31326642389397
MAM01403	-0.313270168220077
MAM01174	-0.31326642389397
MAM00932	-0.309260085826695
MAM00545	-0.313276399192082
MAM00228	-0.313300468806125
MAM00242	-0.313270040613332
MAM02957	0.665137845526582
MAM01570	2.75772734788467
MAM02909	-0.597328111127086
MAM02772	-0.311500148610301
MAM01410	0.0266403890624889
MAM03134	0.569825209454055
MAM02120	0.0258777285601879
MAM02108	0.252516700963175
MAM02642	-0.021953189588693
MAM02614	0.102288735361251
MAM01648	0.84433743530247
MAM03117	0.14226641242615
MAM02560	-0.43420091638012
MAM01965	-0.625658264974261
MAM02387	-1.19294235366204
MAM02389	-1.1852324463009
MAM02746	-0.432442013247899
MAM02125	0.320900861513878
MAM02184	0.208119634170559
MAM02360	0.595476084026271
MAM02426	0.185734435190133
MAM02471	-0.463567782316551
MAM02724	0.598437048998283
MAM02993	0.923748745309675
MAM03089	0.146138509485728
MAM03135	0.162430701881292
MAM02040	0.249876333879644
MAM02630	-0.0285732541668004
MAM03147	-0.51266741182946
MAM02048	-0.291581798640938
MAM02353	0.80005416169884
MAM01569	-2.71865306712139
MAM03146	0.85049943255342
MAM02047	0.293948589589221
MAM02352	-0.804815121191465
MAM02561	-0.342463413001432
MAM01596	-0.235755069423571
MAM01307	1.6346484039692
MAM01369	-0.0776672337580307
MAM01975	0.764048303944072
MAM03101	-0.163739984657229
MAM01628	0.399660879239064
MAM01365	0.307196275932595
MAM01986	0.440377810565623
MAM02770	0.406774991177106
MAM02896	0.134847382718801
MAM01370	0.0815720491786742
MAM01974	0.276908123901391
MAM02751	-0.499038005085274
MAM02578	0.369551556954215
MAM02946	0.939834205639292
MAM03120	0.836955386769197
MAM01821	0.359388051651046
MAM02046	0.131025006580637
MAM02039	-0.727279727055422
MAM01513	-0.19944163808301
MAM01797	0.765243648963725
MAM01983	-0.663112586050485
MAM01252	-0.258338543928397
MAM02658	0.507871606448137
MAM02949	-0.536058062757075
MAM02740	0.165811112538433
MAM02477	0.331962461683808
MAM00970	-0.219577258477932
MAM01736	0.00286473810737669
MAM02617	-0.090479575550297
MAM01107	0.777338829520143
MAM01290	-0.581271268046583
MAM01822	-0.442518871017365
MAM01641	0.499910970186453
MAM01638	-0.0371588428425457
MAM01796	-0.142705570948938
MAM01100	0.0179679173476549
MAM02754	0.0729938282732671
MAM02332	-0.320316396016946
MAM02042	0.531618606950134
MAM00536	-0.462940675551203
MAM02983	0.115389973686239
MAM02985	0.448619941180748
MAM02049	0.121017389024434
MAM01704	0.610668528835642
MAM01401	0.309685404010742
MAM01400	-0.309690131747835
MAM02054	-0.153623749064844
MAM02278	-0.99525658178928
MAM02237	0.448497581138071
MAM02288	-0.54894611876804
MAM02303	-0.104415297437145
MAM01517	-0.257465350234472
MAM01525	-0.192060025371642
MAM01533	-0.065790920392018
MAM01543	0.00501853609918103
MAM01554	-0.343528386520608
MAM02141	-0.0758007504434939
MAM02139	0.172223146150796
MAM01652	-0.459704999774881
MAM02672	0.408812961498294
MAM02510	0.224396263525428
MAM02907	0.10697610210513
MAM01712	0.21656799515803
MAM01786	0.508110272916988
MAM02414	-0.0360073997160747
MAM02880	0.271659619641901
MAM01253	0.15402276231071
MAM02819	0.71889623729574
MAM00157	0.254041248710125
MAM02403	0.611109743091999
MAM01716	0.4263478437109
MAM02453	-0.119568497367637
MAM03155	0.445181972860079
MAM01840	-0.411038621311797
MAM01910	-0.645954489734843
MAM01288	0.1567781371025
MAM02586	0.130697413117541
MAM02842	-0.0600613057568394
MAM02817	0.324179842845631
MAM02680	-0.539377319825491
MAM01830	-0.60640079322609
MAM02834	0.673154603553281
MAM02174	0.523143765756705
MAM02588	-0.516366507121938
MAM01442	-0.248714998065731
MAM01327	0.0571013514208357
MAM01330	0.0371738242938957
MAM01935	0.0571013514208357
MAM01938	0.0371738242938957
MAM02193	-0.143972203302089
MAM01714	-0.409741704541592
MAM01368	0.431311184434568
MAM02982	-0.270765086529651
MAM02145	0.186396333974675
MAM02136	-0.0541788953084886
MAM02370	0.158174017336585
MAM02661	0.340347320233183
MAM01438	0.137086801760998
MAM02394	0.0682018335469004
MAM01962	-0.688223351833519
MAM02885	-0.0988913992371836
MAM00626	-0.0374950672551202
MAM00549	-0.0213360332445519
MAM01588	0.0674820493581588
MAM01758	-0.459570241653141
MAM02001	-1.00254998726715
MAM00266	0.327246297697823
MAM00267	-0.370210760674328
MAM00268	-0.291637854853782
MAM00269	0.0539077338233478
MAM10005	-2.073245820732
MAM00353	-0.00573168781973091
MAM00613	-0.0146371785308544
MAM00035	0.182738020884113
MAM01019	0.334758914472029
MAM00620	0.00193234662594645
MAM01415	-0.0184411841689961
MAM00648	-0.392261541696788
MAM00665	-0.120181415638685
MAM00730	0.0733610964765249
MAM02354	0.629152446180058
MAM01433	-0.0637542622779653
MAM02325	0.00828048728854934
MAM01633	-0.04210514758288
MAM00998	0.199845295650795
MAM01003	0.504003168643553
MAM02182	0.217276241696328
MAM01007	0.224729968569509
MAM01021	0.503727731419495
MAM01033	0.415285431887962
MAM01069	0.706200819433618
MAM01070	0.517236457923651
MAM01071	-0.555615636794263
MAM02691	-0.116220770240672
MAM01109	0.214994581147161
MAM01115	0.144631026669806
MAM02692	-0.102971919366168
MAM02118	-0.247939966729163
MAM01158	0.236426652288407
MAM02119	0.2778356030703
MAM02104	-0.529042773974529
MAM02105	0.0309585539909165
MAM02338	0.25244086295656
MAM01249	-0.162847941762936
MAM01256	-0.0890483032107138
MAM03096	0.504804201950252
MAM03098	0.442887431563407
MAM02527	-0.058757828860311
MAM01260	-0.932170958734243
MAM02902	0.364805198226395
MAM02903	0.183438053885262
MAM00744	0.292538936751777
MAM01711	-0.0403338836030418
MAM03138	0.462253491007939
MAM01279	-0.431094156950655
MAM01280	0.0786898676320566
MAM01285	-0.386423217277142
MAM01289	0.904193618960446
MAM01799	0.958221751210524
MAM00516	-0.0250234837187834
MAM01306	0.842214996791912
MAM01383	0.835599459305497
MAM01309	0.706075920214321
MAM01334	0.129650964128274
MAM01338	0.875233388102571
MAM01339	0.401771750677196
MAM01344	-0.605250735673785
MAM01326	0.278717995260914
MAM00002	-0.278717995260914
MAM00580	0.693899333415778
MAM01361	0.0682018335469004
MAM02337	0.509948626888256
MAM01397	-0.300234003972256
MAM01398	-0.784181318955845
MAM01396	0.69299433289785
MAM01419	0.274157002309543
MAM01385	-0.190967301937702
MAM00001	0.105999305549227
MAM01626	0.134523100965981
MAM01445	-0.0841540446387687
MAM01988	0.0155102852717196
MAM02963	-0.459381896799726
MAM01987	0.125299470000442
MAM02962	0.337203761632269
MAM01450	-0.483592696208281
MAM01587	0.149566007284042
MAM01590	0.438069047453337
MAM01595	-0.0689680983113969
MAM01617	-0.21631985503204
MAM01619	-0.763827801902896
MAM01632	0.044221314726017
MAM02348	-0.21843576649758
MAM01615	0.290139130855058
MAM01614	0.0951051169456999
MAM01630	0.0886888363792819
MAM01668	0.0225096201726607
MAM01666	0.435839629084633
MAM01647	-0.199845295650795
MAM01669	0.485707646875351
MAM01655	-0.433401304696963
MAM01659	-0.230289159777615
MAM01700	0.388570961407661
MAM01695	0.221438235403057
MAM01671	0.261293029322557
MAM01768	0.605250735673785
MAM00577	0.207286662881978
MAM01737	0.21077823901608
MAM01672	0.00464380623959143
MAM01673	0.300119259068772
MAM01298	-0.066272347392423
MAM01765	-1.17125250088074
MAM02150	1.17125250088074
MAM01787	0.0260981521521448
MAM00402	0.564748746788953
MAM01795	0.00175655693752213
MAM01789	-0.523373495698105
MAM01833	0.663327945658685
MAM02164	0.234411946681411
MAM01999	0.216250571534839
MAM01850	0.494156579492818
MAM02199	0.00395308412361145
MAM02198	0.279046105138347
MAM01851	0.259634728713439
MAM01852	0.245569332620316
MAM01853	0.169329570685948
MAM02331	0.229747623350308
MAM01859	0.345148628709542
MAM01861	0.0889561189632906
MAM01159	-0.357833065370637
MAM01919	-0.0455778344158537
MAM01914	0.0249574375111506
MAM01915	-0.0785447465699332
MAM01916	0.292723964067263
MAM01917	0.411680747571028
MAM01959	-0.465313607515331
MAM01944	0.235100842570351
MAM00097	0.749613326621955
MAM01945	-0.350998681991469
MAM01948	-0.226650323453033
MAM01393	0.236779725335124
MAM01982	-0.481330322988527
MAM02016	0.929656154643012
MAM02018	0.424719073794536
MAM02019	0.0889720317647408
MAM02023	-0.219336472511048
MAM02024	0.702176020948317
MAM02038	0.44395683558837
MAM02028	-0.0960667200794348
MAM02027	0.026540570959552
MAM02026	-0.0269265675936633
MAM02034	-0.417762029260367
MAM02037	0.628362953963244
MAM02041	-0.0473262193885644
MAM00986	0.305543277992254
MAM03113	0.21631985503204
MAM01163	0.34681052797682
MAM02159	-0.297711517950308
MAM02161	-0.337650515415647
MAM02167	0.783195093803639
MAM02171	0.246101892096744
MAM02170	0.599744083487217
MAM01629	0.230500255042976
MAM02362	-0.667249935032446
MAM02364	0.0636540781840088
MAM02366	-0.0521365344812099
MAM02418	0.0475613106590379
MAM02369	0.0793022782249827
MAM02386	-0.324970758647266
MAM02450	-0.157606072790223
MAM02452	-0.393491025987309
MAM02470	0.02844349036189
MAM02407	0.098832309076762
MAM00816	0.179069468271554
MAM02475	0.0711159844638981
MAM02552	0.309223266546596
MAM02554	-0.770285243597465
MAM02583	-0.280554127936497
MAM02587	0.506451974747656
MAM02153	-0.690918931674728
MAM02609	0.640661188398512
MAM02620	-0.167819662518598
MAM02631	0.179988077116506
MAM01244	-0.213302368918275
MAM01245	0.457436694837061
MAM02147	0.530895902937305
MAM02653	-0.214994581147161
MAM00032	-0.183681079789273
MAM00204	0.136751041240416
MAM02712	0.484138968412332
MAM02722	0.161190715606758
MAM02769	-0.22945665261695
MAM02783	-0.0343626768497952
MAM02785	0.747113352546233
MAM02786	-0.130966510857053
MAM02789	0.329075819502541
MAM02815	-0.653480407639815
MAM02813	-0.0350232266570199
MAM02841	0.88262541375754
MAM02833	-0.325800252408964
MAM02836	-0.0915520982415279
MAM02843	-0.0661865306129153
MAM00179	0.268831502263781
MAM02931	-0.0849043817261024
MAM02928	0.093445433113263
MAM02930	0.333902597947854
MAM02897	0.00306515459078827
MAM02936	-0.126259999782025
MAM02937	0.0243775810687266
MAM02943	-0.256234262204697
MAM02945	-0.395232199601844
MAM01745	-0.417203491242834
MAM02961	-0.814227477605501
MAM02673	-0.34681052797682
MAM02986	0.0723368647808302
MAM02980	0.598125892926004
MAM02997	-0.527733166721353
MAM02996	0.2368779044631
MAM02998	-0.523981486940447
MAM03001	-0.224729968569509
MAM03039	-0.501065517861983
MAM03052	0.316520467353174
MAM00734	-0.0598886620077406
MAM02969	-0.0538013780422134
MAM02967	-0.0509168188246722
MAM02968	0.0837109976283719
MAM02991	0.294646678094615
MAM02994	0.960207842295708
MAM03100	0.276947415918917
MAM03106	-0.607627414431357
MAM03114	1.36542901667988
MAM03118	-0.21818659378628
MAM03121	0.494267753245159
MAM03123	-0.13133886579409
MAM03130	0.303715138883432
MAM03141	-0.236860066367732
MAM03142	0.431800616076211
MAM00325	-0.00907631173456376
MAM00371	0.398670265329227
MAM00403	-0.642034914266386
MAM00432	0.00550075559552106
MAM01913	-0.670828858971951
MAM02445	-0.277491505729668
MAM02723	0.350879791116789
MAM03154	-0.616024906400918
MAM02191	-1.10876761190577
MAM01788	-0.293601701283896
MAM01800	-0.958221751210524
MAM01740	-0.353534366168298
MAM01640	-0.680780926773784
MAM01286	-0.257601749635576
MAM01287	-0.808714896037462
MAM01743	-0.259744553906189
MAM01621	-0.0293973621769171
MAM01966	-0.159055557708949
MAM02155	-0.155105220075507
MAM01989	-0.316951141435147
MAM02384	0.550487894715229
MAM01020	-0.217272344294172
MAM01111	-0.21652989565171
MAM01303	-0.0146682756970576
MAM01682	0.329459645856832
MAM01870	0.220336322084626
MAM01872	0.00312513158802149
MAM01887	0.343994897444112
MAM02524	0.264290640524926
MAM02659	-0.718864793170392
MAM02814	-0.160170820061513
MAM02924	0.328429736296894
MAM03151	0.055205338589894
MAM02137	0.656409113861521
MAM01874	0.407115228236426
MAM01881	0.407724254230581
MAM01883	0.177313946261396
MAM01884	0.114098704966087
MAM03131	0.331280741655798
MAM02516	0.0831594108953412
MAM01603	0.236089941426053
MAM01604	-0.523187287741147
MAM02022	1.00254998726715
MAM01687	-1.09625493838776
MAM01665	-0.890369873622775
MAM01955	0.243208467074709
MAM00771	0.174042835561723
MAM02458	0.679747026562323
MAM01610	0.679628936862928
MAM01612	0.330425259682201
MAM01613	0.0324107552009212
MAM02462	-0.738974991180163
MAM01006	0.417362869409843
MAM02434	2.80788154704031
MAM02926	0.254457094988514
MAM01730	-0.11123633738541
MAM03161	0.352174193307907
MAM01308	-0.0182326513927593
MAM03315	0.899304983060248
MAM01291	0.0764817805044111
MAM01771	-0.632730699524105
MAM01362	-0.191115554006083
MAM01371	0.264637828332465
MAM01741	0.18005512812107
MAM01431	0.146473958441699
MAM01689	-0.53884136027598
MAM00240	1.37621878603743
MAM00094	-0.230339049395533
MAM01696	-0.10309674170305
MAM02648	-0.250103672327372
MAM01778	0.10397750333252
MAM03577	0.00864383274024304
MAM03578	0.376521379866027
MAM03620	0.626893345784086
MAM01992	-0.764286439068458
MAM03622	-0.204538034136059
MAM03623	0.876868413808404
MAM02674	-1.7776806775738
MAM02675	-1.64908795451021
MAM01432	-0.0415009283294294
MAM02124	-0.301859159563334
MAM02456	-0.356001442986918
MAM02385	0.0673520813118145
MAM00104	0.180766701178197
MAM01932	0.482568413372666
MAM00656	2.522784882353
MAM10006	2.64960533923831
MAM02564	-0.0517461146620942
MAM02938	-0.866245395155306
MAM02646	-1.5450691471754
MAM02684	0.745463519332247
MAM02685	1.07998589692452
MAM02715	0.134083258605249
MAM03884	0.203664519448868
MAM02808	0.885911990203032
MAM02690	-0.137082070260466
MAM02838	-0.047337432721773
MAM02939	-0.568890134542537
MAM02959	0.768290218172977
MAM00114	-0.16066455240808
MAM00135	0.344209599660142
MAM00111	0.0968186662115343
MAM00132	0.125562106685197
MAM01784	-0.099182236576507
MAM02494	-1.86574751344874
MAM01585	0.32863869535252
MAM01451	-0.498938535167638
MAM01446	0.158490167621247
MAM01447	0.257115477301925
MAM01448	-0.412493068362326
MAM00969	0.664412953212224
MAM01155	-0.534712025744021
MAM01623	-0.613444646285966
MAM01686	-0.534176931204591
MAM01688	0.534176931204591
MAM01984	0.526983310615036
MAM01690	0.29671295620712
MAM01752	0.703715990325611
MAM01753	-1.2447092033561
MAM01802	-0.242219642075301
MAM01831	-0.279152659656156
MAM01967	-0.0144488012984618
MAM02185	-0.674924624355702
MAM00810	0.236970540453371
MAM02333	-0.3334446190509
MAM00812	0.78302002297817
MAM01926	0.126810819527549
MAM03127	0.748135824022094
MAM01605	-0.748135824022094
MAM01925	0.646587948161431
MAM02011	-0.511651520857731
MAM02008	0.149907377162236
MAM02806	0.149489592769907
MAM03108	0.0144488012984618
MAM02794	0.370527882537506
MAM02795	0.226888686664877
MAM01424	-0.671052009418746
MAM01747	1.50364385869357
MAM02326	-0.516883424408372
MAM01343	-0.0278963504411547
MAM01345	0.101671630345275
MAM01350	-0.0712694086185214
MAM01827	0.0719060526197864
MAM02044	0.173509343275512
MAM02753	-0.0145256288040691
MAM02802	-0.210183451504681
MAM00186	-0.253717627880633
MAM01439	-0.551014429545522
MAM03318	-0.425413865585658
MAM02965	0.623401994938983
MAM02000	0.0282051257655027
MAM02966	-0.140518555164037
MAM02004	-0.0129563275164088
MAM02950	0.0889511839936843
MAM02402	-0.517373778601111
MAM03129	0.208849649833165
MAM02951	0.765440892856398
MAM02952	0.558850923538252
MAM02839	0.0309946123425281
MAM02776	-2.04218960616273
MAM02777	0.642141040297916
MAM02778	2.19860681986738
MAM02779	-0.257685896537032
MAM02780	0.0906420618777986
MAM02781	-0.276531839366083
MAM02787	0.0309866147650941
MAM02788	0.226717299177172
MAM02792	0.19486541424564
MAM02444	0.169347100669635
MAM01773	0.169347100669635
MAM01597	0.0133861113268969
MAM00866	-0.169347100669635
MAM02925	-0.355544795023165
MAM02922	0.0452442167598816
MAM02920	0.673559537647192
MAM02158	-0.238114373824715
MAM02921	0.057701279456222
MAM02449	1.13515128019436
MAM01387	-0.885265682401924
MAM01386	0.885265682401924
MAM02563	-1.13528951264835
MAM02562	1.13528951264835
MAM01348	-0.697508955588574
MAM01347	0.697508955588574
MAM02446	-0.247932253509656
MAM02448	-0.37299969101463
MAM03330	-0.126942910418277
MAM03525	0.126942910418277
MAM00570	-1.47194591002153
MAM00921	1.47194591002153
MAM02318	-1.26887770054575
MAM02315	1.12982339379032
MAM02316	0.897803033470617
MAM02570	-1.34884801042104
MAM02569	1.34884801042104
MAM02314	0.0139200131330263
MAM02317	0.0139200131330263
MAM02551	-0.4613425722304
MAM02550	0.4613425722304
MAM02429	0.4613425722304
MAM02156	0.588542616227979
MAM02591	0.16022062677499
MAM01924	-0.667751946772049
MAM01923	0.667751946772049
MAM03107	-0.0666014712651526
MAM01430	-0.0100886331757433
MAM01679	0.0666014712651526
MAM01315	0.258877034543369
MAM01321	-0.626291136647421
MAM00766	0.626291136647421
MAM02096	0.746582545223249
MAM03201	0.422065122100296
MAM03202	-0.0406107431539978
MAM03204	0.208408412779141
MAM03217	0.17005286952952
MAM03219	-0.00794590545694822
MAM03243	0.708688278545308
MAM03250	-0.0829961007440695
MAM03251	0.597015385092282
MAM03262	0.361449582605786
MAM03264	0.456988500085304
MAM03266	0.112366322924038
MAM03268	0.362664021826504
MAM03488	0.509488371027448
MAM03489	-0.267433571125629
MAM03490	-0.338215922351476
MAM03493	0.10531985655328
MAM03494	0.280693761084001
MAM02635	-0.0390392765431278
MAM03495	0.213863658290867
MAM03496	0.160964610009018
MAM03497	0.238395819481114
MAM03498	0.832434686935701
MAM03499	-0.205379422899074
MAM02409	0.511723443745384
MAM03502	-0.293070245289931
MAM03540	0.0409557572163059
MAM01583	0.138368819012782
MAM01373	0.399567784537796
MAM03560	0.378772194427955
MAM03706	0.0161850952460485
MAM03975	-0.1998837804411
MAM03037	-0.191719829011584
MAM03164	0.794979947532301
MAM03483	-0.426428748799781
MAM01423	0.286950285527303
MAM00745	-0.205727857993151
MAM03595	0.152890013695202
MAM03604	-0.0883622815037624
MAM03605	0.469860611912212
MAM03621	0.448037511043981
MAM03631	-0.0917100082968795
MAM03638	-0.680499165673133
MAM03639	0.424092917231298
MAM03640	0.105202285656631
MAM03641	0.630107180453625
MAM03714	0.360010195997521
MAM03715	0.380747859978539
MAM03851	-0.0821096581712089
MAM03852	1.05228379941637
MAM03853	-0.166053197198821
MAM03854	-0.367267870531768
MAM03907	-0.64165935236912
MAM03908	0.0757098868881361
MAM03909	1.53108642353612
MAM03910	-0.121067336830786
MAM03933	0.185272466682445
MAM02964	0.146622106226939
MAM01627	1.02368611323247
MAM01674	0.127848402845507
MAM01828	0.297233900322904
MAM02157	0.125958600152133
MAM02741	-0.246706494303475
MAM02679	0.0203405793652581
MAM03103	0.0396127824354136
MAM03102	0.0166131521825591
MAM01005	0.0950675737529015
MAM00824	-0.0844626277407434
MAM00669	0.248177525673954
MAM01013	0.023299408676189
MAM01116	0.0452123246998133
MAM01127	-0.792352917018034
MAM02871	0.276895373039269
MAM01304	0.0240032051330031
MAM01342	0.576695908896648
MAM02559	0.232912810077003
MAM00674	0.167842550399511
MAM01103	-0.305356016586195
MAM00923	-0.169643108324991
MAM02738	-1.41642983436541
MAM02349	1.16161643603815
MAM01644	0.503583915957085
MAM01708	-0.42825806827678
MAM01798	-0.225693566831955
MAM02912	1.9322855130978
MAM01981	-1.08118518190333
MAM02036	-0.225465930281039
MAM02133	0.171590765667465
MAM02183	0.399023078377408
MAM00990	-1.28419656602075
MAM02322	-0.224580889725498
MAM02319	1.09953258272171
MAM02696	0.0648166670512345
MAM02822	0.18288759982805
MAM03150	0.309329408015697
MAM03149	0.680928015145117
MAM00913	-0.0839514992441969
MAM00775	0.165073329125539
MAM03109	-0.0188787128636715
MAM00788	0.330438111295705
MAM02585	0.439938071419034
MAM02660	0.405631425882141
MAM02914	0.670857588604846
MAM01366	0.109186505430209
MAM02634	-0.23859039422302
MAM02657	0.104831025654572
MAM00105	-0.347505142532794
MAM02639	-0.562456307485167
MAM02940	0.23214432492585
MAM02411	-0.00808263413098914
MAM02676	0.748289224455696
MAM03248	0.444416952370985
MAM01209	0.555463522631092
MAM00309	-0.650136218902734
MAM00380	0.239202598983299
MAM01892	0.247804979791805
MAM00605	-0.276555114487329
MAM00670	-0.0235013617909495
MAM01004	0.498569557690619
MAM00784	0.567797019548815
MAM02142	0.424234681161124
MAM03234	0.048182388007305
MAM03247	0.0212019208638413
MAM00922	-0.0220867488612061
MAM00952	0.392827300169944
MAM01922	-0.134925237833032
MAM01705	0.390004105849265
MAM01052	0.591649271712804
MAM01042	0.277531818001901
MAM02805	-0.700032233764982
MAM03397	0.401344337723445
MAM03401	-0.584908727985964
MAM02546	0.0834344759919885
MAM03406	-0.176019987385581
MAM03408	0.452517960132512
MAM03410	0.3566799264488
MAM02877	0.258154906515772
MAM03433	0.0645044124562908
MAM01399	-0.151990645025244
MAM00169	-0.785105255898975
MAM02540	-0.073426766635163
MAM00337	0.112978989594824
MAM01040	-0.0159012477207577
MAM02796	-0.734196283308064
MAM02395	0.0651215364166452
MAM02396	0.492224176499206
MAM01335	1.33907207881496
MAM01054	0.0308481749953582
MAM00279	0.580460265872071
MAM00366	0.655219873864099
MAM01216	-0.147179627200891
MAM00305	-0.0861229492299436
MAM01168	0.747572993466662
MAM02530	0.392722698738331
MAM02531	0.0792388191573321
MAM01392	0.191115943831266
MAM00830	-0.066334180483022
MAM01172	0.460242706251047
MAM00378	0.439356946262675
MAM03569	-0.0268859701127728
MAM00384	-0.218902839194778
MAM01337	-0.76762512834587
MAM01047	0.648265336048243
MAM00376	0.00569995715444292
MAM02365	0.333202934571096
MAM00365	0.592332830740132
MAM01616	-0.20223557157917
MAM03562	0.162458927493604
MAM00126	-0.400000496709368
MAM02574	0.595900838168667
MAM02479	-0.0912711211733204
MAM03654	0.473758349381546
MAM02135	-0.591971857637727
MAM02132	0.219816980593526
MAM03681	0.0903247445544617
MAM02122	0.851367952750446
MAM00585	0.38860737862629
MAM00599	0.133718348912649
MAM02388	-0.438246957785278
MAM02413	-0.049745159416461
MAM02343	-0.591653500341182
MAM00167	-0.0389453079711966
MAM02173	-0.24360567556059
MAM02532	0.045963687958535
MAM02497	0.212785842939804
MAM02381	-0.220170217042543
MAM02868	0.384895955394232
MAM03923	0.0729310659044463
MAM03954	0.291929917255421
MAM03976	0.1998837804411
MAM02992	0.0362334337986977
MAM02517	-0.0992373029821119
MAM02974	-0.309678077032064
MAM02995	-0.0992314660921741
MAM03124	-0.566617589125837
MAM00270	-0.0891992454235005
MAM04075	-0.154378055226195
MAM04076	-0.444466837835258
MAM04077	-0.740586768627948
MAM04078	-0.666171419721586
MAM04079	-1.09489965499801
MAM04080	-0.0914530740512774
MAM03399	0.318361474447458
MAM03400	0.147619852376854
MAM03398	-0.0291171158660192
MAM03862	0.299943968484828
MAM03232	-0.048182388007305
MAM00821	0.280356197805081
MAM01074	-0.0675678426706648
MAM03396	0.0996552211222075
MAM02536	0.0446315014419435
MAM01313	0.426155501341946
MAM01584	-0.277368491346015
MAM02344	-0.249956640330367
MAM03619	0.861647052919257
MAM01998	0.120200357656116
MAM02350	-0.235276325148791
MAM02633	0.376329740282183
MAM02720	-0.184729324808978
MAM03882	0.478247123593838
MAM00916	0.380926780946766
MAM00128	0.350327044292182
MAM02123	0.479043880810912
MAM01380	-0.413715546710992
MAM03836	0.223813373457632
MAM03837	-0.223813373457632
MAM02622	-0.0490712141277514
MAM00400	0.424824191170171
MAM02832	-0.144438027671901
MAM02451	0.405739224605151
MAM03896	0.0674359368756151
MAM01698	-0.0823610269355394
MAM02978	0.41023519147394
MAM03411	-0.0467340172450848
MAM03412	-0.0337404207519258
MAM03413	0.0567428359486379
MAM03414	-0.786532217601696
MAM03415	-0.906224231906171
MAM03416	0.103051949610409
MAM03435	-0.278826726270202
MAM03436	-0.0473765767244921
MAM03437	0.558151298179714
MAM03438	0.766836923119974
MAM03439	0.911202011766203
MAM03440	-0.00753501265689053
MAM03441	-0.165322219878435
MAM03442	0.627157721832368
MAM03443	0.416855482933015
MAM03444	1.01843959821273
MAM03445	-0.544857867574845
MAM03446	0.775037587348514
MAM03447	-0.162455669007454
MAM03448	0.786325470377275
MAM03449	0.786620424184429
MAM03450	-0.132616895573681
MAM03451	0.906733312914754
MAM03452	0.341966057753626
MAM03453	0.0985611977591124
MAM03454	0.0291467934808583
MAM03455	0.103844779840975
MAM03456	0.136824598350967
MAM03457	-0.805268659898382
MAM03458	-0.0394989224409747
MAM03459	0.173903834990525
MAM03460	-0.190888469272481
MAM03461	-0.159819472142984
MAM03462	-0.0346045849688994
MAM03463	0.399970822467113
MAM03464	-0.153164935385995
MAM03465	0.148240482054169
MAM03466	0.291829422615472
MAM03467	0.305446354707653
MAM03468	0.398502633131235
MAM03469	0.193555911441001
MAM03470	0.568904120604954
MAM03471	0.798400464880721
MAM03472	0.438850645668241
MAM03473	-0.176704381321972
MAM03474	-0.0128300271064736
MAM03475	-0.00666478476283134
MAM03527	0.035488655658832
MAM03528	0.557209757660817
MAM03529	0.459663291022249
MAM03530	0.450078961166063
MAM03531	0.523520611360838
MAM03532	0.0231051192176145
MAM03533	0.440951916042454
MAM03534	-0.217755702786907
MAM03535	0.136669785844186
MAM03596	0.831795431304813
MAM03597	0.318382832607665
MAM03598	1.01964521773997
MAM03599	0.834173013013467
MAM03600	0.344522092689064
MAM03601	0.238201651540773
MAM03602	0.213474745871878
MAM03603	0.599137112060868
MAM03606	0.961052983935716
MAM03607	0.782173623865298
MAM03608	0.34271209458554
MAM03609	0.0817201418811921
MAM03610	0.665746038285942
MAM03611	0.0202445578798128
MAM03612	0.962676212462668
MAM03616	0.439677040129783
MAM03617	0.330419060094045
MAM03618	0.0506641242114007
MAM03624	0.0662276173114323
MAM03625	0.915194688183308
MAM03627	-0.338076776733746
MAM03628	-0.366789758353157
MAM03632	0.327572802062741
MAM03633	0.00683534900183941
MAM03662	0.120522358851951
MAM03663	1.29627190570711
MAM03664	0.752293909709796
MAM03665	-0.103408330949736
MAM03666	0.476303085509234
MAM03667	0.359154920454442
MAM03668	-0.155348752314036
MAM03669	0.631940773229852
MAM03670	0.82683457406897
MAM03671	0.398528090900159
MAM03672	0.712843545624076
MAM03673	-0.624447250008736
MAM03674	0.404510969881918
MAM03675	0.0789772734907374
MAM03676	0.546217135015826
MAM03677	0.225502511805603
MAM03678	-0.0198945039536238
MAM03679	0.444305383299776
MAM03680	0.573148452738764
MAM03693	-0.135127937988493
MAM03694	-0.141096131881511
MAM03695	0.731016061200612
MAM03696	-0.310021548298632
MAM03697	0.0237529597536884
MAM03698	0.341002404869137
MAM03699	0.425563452310841
MAM03700	0.0394992233599083
MAM03711	0.158471483689574
MAM03712	0.0707707370126416
MAM03713	0.766037081022631
MAM03716	-0.307613702698635
MAM03717	0.250537881407321
MAM03718	0.413267639556773
MAM03719	-0.0215059924038416
MAM03720	-0.0130504541257645
MAM03721	-0.0602093211699373
MAM03722	0.921277192763638
MAM03723	0.44654855660165
MAM03738	0.490262758049052
MAM03739	0.369005283353627
MAM03740	0.190266087406455
MAM03741	0.290900333215142
MAM03742	0.192315826125314
MAM03743	-0.076573353932943
MAM03744	0.113412619899945
MAM03745	0.224029060118062
MAM03746	0.36666069318846
MAM03747	-0.0751508469823751
MAM03760	-0.627523454347239
MAM03761	0.167063421595639
MAM03762	0.21501113938899
MAM03763	-0.0566258345371766
MAM03764	0.810174833890274
MAM03767	-0.465209164456481
MAM03768	0.124624914585405
MAM03769	0.468216519455348
MAM03864	-0.176979017464526
MAM03865	-0.18567091234942
MAM03866	0.238794153253674
MAM03867	0.808384647139127
MAM03868	0.178187011887595
MAM03869	0.0189532465843747
MAM03870	0.044639106670694
MAM03871	0.177510016172349
MAM03872	0.287957399050543
MAM03873	-0.402537301203304
MAM03874	0.0479467331377823
MAM03875	-0.116820766696234
MAM03876	0.0789793253960691
MAM03877	0.929914352504572
MAM03878	-0.0580990372208568
MAM03879	0.978312538294801
MAM03880	0.0703406170809251
MAM03881	0.499036444524686
MAM03888	0.0900647276525917
MAM03889	-0.0737839558347091
MAM03890	-0.450251869574784
MAM03891	-0.0183097219094619
MAM03894	0.537318724186973
MAM03895	0.998014091804525
MAM03897	1.16509886867386
MAM03898	0.338466058220702
MAM03899	0.185984939636234
MAM03900	0.698087252953029
MAM03901	0.0156790815010845
MAM03902	0.676457982543171
MAM03903	-0.845431842606231
MAM03904	0.0501271018680281
MAM03905	0.851037226467275
MAM03906	0.679518439647463
MAM03925	-0.0424399279925521
MAM03926	0.984615616260687
MAM03927	0.719965692919656
MAM03928	0.847416190717537
MAM03929	0.724491276134432
MAM03930	0.723729317998814
MAM03931	0.827110527331809
MAM03983	0.622465964302362
MAM03984	0.998248576497336
MAM03986	-0.119857971214825
MAM03987	0.180379088074786
MAM03988	0.387711648802924
MAM03989	0.69708801414968
MAM03990	0.219221540382797
MAM03991	0.910509694964775
MAM03992	0.866167131352353
MAM03993	0.167491671780209
MAM03994	0.518498003757233
MAM04008	0.104822428087422
MAM04009	-0.65108247161476
MAM04010	0.104006517021667
MAM04011	0.61084490593864
MAM04012	0.712488228757585
MAM04013	0.779210875671061
MAM04014	-0.145831034020116
MAM04015	0.523545512276197
MAM04017	-0.647323831504505
MAM04018	-0.486351791251382
MAM04019	-0.497016760271929
MAM04020	-0.0922631491334957
MAM04021	0.140349242897253
MAM04022	0.0278351964871176
MAM04023	0.766321488501174
MAM04024	0.547035854687997
MAM04025	0.10786726660796
MAM04026	0.0324384563223069
MAM04027	0.543352867864748
MAM04028	-0.0805369312455573
MAM04029	0.175614926991939
MAM04030	-0.235300552296251
MAM04031	0.107653369299017
MAM04032	0.396684346434403
MAM04033	0.137269205889696
MAM04034	0.150647445093439
MAM04035	0.679988744280043
MAM04036	0.536042235956412
MAM04037	0.528804308208391
MAM04043	0.830945515237385
MAM04044	-0.0100195388305394
MAM04045	0.334491205047353
MAM04046	0.647144877392706
MAM04047	0.138968327049032
MAM04048	-0.039731180081005
MAM04049	0.160634105912125
MAM04050	0.0249402738150839
MAM04051	0.929151363586107
MAM04052	0.518690227524897
MAM04053	1.20711003308083
MAM04054	-0.150196845715328
MAM04055	0.866253853555452
MAM04056	0.865823862949919
MAM04062	0.0274557317611359
MAM04063	0.747130633719358
MAM04064	-0.572786778260702
MAM04065	0.724467799387318
MAM04066	0.16676675869182
MAM04067	0.802505706941631
MAM04068	0.121292087069083
MAM04069	0.0411373404057835
MAM04070	-0.151524736000124
MAM04071	-0.0861057467170653
MAM04016	0.0184898848336163
MAM02908	-0.629452448922346
MAM03684	0.0523974179020393
MAM03394	0.504869852009514
MAM01609	0.352814742486159
MAM01801	0.00438657109267998
MAM01954	0.231616527780033
MAM01651	-0.25925259181469
MAM02525	0.0104584122718084
MAM02543	-0.24917937282216
MAM01620	0.455545115437644
MAM01580	1.83725859541175
MAM01372	0.235207095144607
MAM02654	-0.213873613825113
MAM01991	0.038867777245482
MAM00758	-0.0274939574588871
MAM00752	-0.272698933361549
MAM01093	-0.0319815710059636
MAM01182	-0.183594629121624
MAM01178	0.0433360829253724
MAM03313	-0.0169056745801831
MAM00671	-0.246710648122115
MAM01683	0.917321022039061
MAM01862	-1.13704500936762
MAM03626	0.247233146978061
MAM03629	0.575294098075102
MAM03630	0.294639940396578
MAM02439	-0.0417671285413282
MAM02759	-0.0649731389519879
MAM02169	0.291598004928957
MAM02579	0.13312029551193
MAM01909	0.0779406445891213
MAM01681	0.179812741746158
MAM01973	-0.0907986798084989
MAM02447	0.12258916097847
MAM02812	-0.167309257999169
MAM02923	-0.235090707849556
MAM03148	-0.00391395188757689
MAM00995	0.100991169289507
MAM00729	0.148705767478563
MAM02725	0.979594828632731
MAM03099	0.0296602621428708
MAM00654	0.240699446116392
MAM02336	0.189720591481616
MAM03136	-0.0485621824160891
MAM02007	1.43931593906615
MAM00664	-0.0518596570041428
MAM00825	0.00509624686071321
MAM02190	-0.146216854155485
MAM03407	0.565581503447955
MAM03957	0.399619938639691
MAM04072	0.0900718013816464
MAM03778	0.0736434196892466
MAM03176	0.722258377775924
MAM03186	0.535540951803682
MAM03189	0.388020497305903
MAM03190	0.0982092652440719
MAM03212	0.51630787673406
MAM03245	0.400853405962022
MAM03246	0.853212191074555
MAM03886	-0.0186078643875879
MAM03777	0.682858020275935
MAM03997	0.541651001263578
MAM03257	0.495638727689266
MAM03615	0.126575140997084
MAM03227	-0.167460667240422
MAM03214	0.0656882920853273
MAM03258	0.657279443861886
MAM03260	0.38302260012785
MAM03287	0.519651542960774
MAM03314	0.537765607695754
MAM03575	0.317745573983304
MAM03660	0.707626071494587
MAM03765	0.256702499495655
MAM03955	0.187460975984598
MAM03277	-0.0842219657264068
MAM03981	0.457001061571969
MAM03657	0.629163709818507
MAM03682	0.452675210824256
MAM03568	0.513520668341056
MAM03283	0.175835523012182
MAM02181	0.688635105230805
MAM02534	0.433056742039324
MAM00981	-1.28133436122693
MAM02942	0.159945905764402
MAM00373	0.113663167902207
MAM01767	0.0408123982234698
MAM00324	0.561969016800045
MAM00428	0.5583916589255
MAM02933	0.0610824223828435
MAM01101	0.680780926773784
MAM00971	0.114602021450922
MAM01660	0.320753447002501
MAM00399	0.243998388366376
MAM01064	0.142516706187076
MAM01065	0.338007779245429
MAM01790	0.448947681319197
MAM00650	0.467106908132023
MAM00649	0.394994488079166
MAM00660	0.439886837371472
MAM00659	0.374604512431743
MAM00604	0.150889174662439
MAM00295	0.271010403715671
MAM00294	-0.0114678029921942
MAM02763	0.33957031786928
MAM01314	0.775616405155971
MAM00409	0.227216211057602
MAM00408	0.439220144995682
MAM01072	0.370976065169638
MAM01504	-0.184456540959047
MAM02762	0.430739425227794
MAM00407	0.645240970832786
MAM00610	0.522040095056816
MAM00623	0.214831306391902
MAM00619	0.18757588233717
MAM01675	-0.055189524900182
MAM01512	0.444190474860071
MAM00807	0.0424450321526484
MAM00739	0.365982395088571
MAM00350	0.424124400037684
MAM01231	0.509720227134863
MAM00576	0.129490312163062
MAM00727	0.175060804044472
MAM01839	0.375703121588508
MAM02714	0.548079848683867
MAM00028	0.16630721489304
MAM01039	0.205863537763483
MAM01050	0.595554953122264
MAM00385	-0.359407292164887
MAM00293	0.0595524337597128
MAM00988	0.0413310916139756
MAM02134	0.0166842205518139
MAM01927	0.388684822851025
MAM02518	0.00389478536538601
MAM01113	0.0229684325622609
MAM02460	0.113819002738299
MAM01161	0.0631040663670673
MAM03088	0.203894844515206
MAM02752	-0.453044312208182
MAM02603	-0.871446509973132
MAM02875	0.356498659863642
MAM03125	0.0978282245100543
MAM02601	0.821311116230452
MAM02756	0.478461412802272
MAM00248	0.447664168254421
MAM02473	-0.194707271735088
MAM02771	0.076406680932813
MAM02870	0.14743510529053
MAM02425	0.731300982488875
MAM01759	0.251515548700454
MAM02441	-0.142109647182141
MAM02929	-0.40375654548839
MAM02117	0.305361107078648
MAM02166	0.172542210855167
MAM01110	0.0523593279946434
MAM01045	0.0693664142039889
MAM02803	0.294740303615761
MAM01332	0.0397937649163271
MAM02823	-0.156686393209271
MAM02927	0.103371174506681
MAM02891	0.0974630819561899
MAM02503	-0.297891747398958
MAM01417	0.62161185853358
MAM02766	0.575618804904557
MAM00314	0.266362067877862
MAM01220	0.0995308643543067
MAM01841	0.868578114780768
MAM01601	-0.0408123982234698
MAM01073	0.353534366168298
MAM01351	-0.0839171359007678
MAM01353	-0.0556754750172771
MAM01354	0.0608874160907388
MAM01355	0.0755686283325077
MAM01359	0.086330474825012
MAM03565	0.359168242853594
MAM03564	0.056710807925429
MAM03563	0.369352036629826
MAM03270	0.234331430946706
MAM03281	-0.060789483606799
MAM01138	0.00625581227109461
MAM01154	0.623942800361963
MAM00231	-0.00935721652072287
MAM01947	-0.199358040412932
MAM01972	0.0458674882401103
MAM02015	0.609875569873775
MAM01592	0.0823857083990897
MAM01946	0.273759942442135
MAM01941	0.486248746241974
MAM03197	0.0626350105989303
MAM02750	2.6218142423651
MAM00308	-0.142109647182141
MAM01139	0.174245147196916
MAM03282	0.612203569119248
MAM01134	0.231486383147789
MAM03586	-0.518548367936692
MAM01904	0.588463750769804
MAM03635	0.282669526161118
MAM02010	-0.329749041128741
MAM01943	0.36836337461944
MAM02030	0.0954226981984326
MAM02553	1.51261158307352
MAM03206	0.00483939787189873
MAM03207	0.906174557170457
MAM03208	0.365296483773553
MAM03209	0.115331063424935
MAM03503	0.263732704590132
MAM03504	-0.0716062968913961
MAM03508	0.148219578201125
MAM03509	0.0843992192766627
MAM03536	0.285224998834093
MAM03537	0.0481011591546709
MAM03538	0.0617618267721639
MAM03587	0.137169950454526
MAM03588	0.366641727666581
MAM03589	-0.0581436068577773
MAM03637	-0.0080596821863448
MAM03642	-0.0383245915529588
MAM03643	0.728916184654664
MAM03644	0.0086840064166627
MAM03645	0.636121255056824
MAM03685	-0.0417289810914751
MAM03707	0.259665399469651
MAM03708	0.690835788622525
MAM03709	-0.150300073477342
MAM03962	0.526173598212923
MAM03963	0.095464485462044
MAM03965	0.312686378701607
MAM03996	-0.00975348379787822
MAM04042	0.153220341088952
MAM04058	-0.14602082858518
MAM01817	0.234901341396866
MAM01818	0.216982783011418
MAM01875	-0.487386525110082
MAM01888	0.504659021932406
MAM01889	-0.19547428820505
MAM01890	0.226863044034626
MAM01891	0.171951974051068
MAM01894	-0.861089168705668
MAM01901	0.926452444842428
MAM01902	-0.283576062372156
MAM01903	0.217728759285746
MAM03177	-0.173974923217047
MAM03178	0.174538693818294
MAM03179	0.209986164978721
MAM03180	0.718687105519323
MAM03183	0.527659704468707
MAM03184	0.0709296420522565
MAM03185	0.0401449649149806
MAM03196	-0.0503194876443199
MAM03198	0.492675883009999
MAM03199	0.580234192514379
MAM03223	0.152729227531726
MAM03224	0.0578063529830269
MAM03225	-0.0141135905301882
MAM03229	0.534594389280565
MAM03235	-0.480701374149728
MAM03237	0.525007166312681
MAM03240	0.340818875459025
MAM03241	0.0275722290028301
MAM03256	-0.0816186619813073
MAM03269	-0.0905464541203434
MAM03271	0.821864804413284
MAM03272	-0.740708616080542
MAM03275	0.11047710397781
MAM03278	-0.0872941948553028
MAM03279	-0.101324876740568
MAM03280	-0.032489829775297
MAM03285	0.149875026356153
MAM03286	0.0370935469949439
MAM03289	0.673302956734389
MAM03290	0.0905347085370145
MAM03291	-0.085236140044432
MAM03293	-0.0677545545087808
MAM03294	0.0163225366324947
MAM03296	-0.18569374124171
MAM03299	0.457652336229519
MAM03301	0.546499189600851
MAM03302	0.456677439807409
MAM03303	-0.238371801687817
MAM03305	0.538196844103654
MAM03306	0.120476651412381
MAM03307	0.72296813523767
MAM03308	0.253743240743346
MAM03309	-0.154887818327179
MAM03312	0.47941585772011
MAM03402	-0.197152821287399
MAM03403	0.956146198520268
MAM03404	-0.743392814423643
MAM03418	-0.859567052047389
MAM03420	0.601190416477399
MAM03421	0.293624395206498
MAM03422	0.151043042542118
MAM03423	-0.21973942440344
MAM03424	-0.873965485221541
MAM03425	-0.0381903365276371
MAM03426	0.112432721777444
MAM03427	-0.206556829914376
MAM03428	0.104135908518389
MAM03429	0.847757626648729
MAM03430	0.312731917768754
MAM03431	0.412124895666653
MAM03432	-0.28744565187097
MAM03476	0.709574971518555
MAM03479	-0.889002623868462
MAM03505	-0.10007813457121
MAM03506	0.247977552136871
MAM03507	-0.115691196873489
MAM03513	0.0269781030844538
MAM03514	-0.847796440854887
MAM03515	0.925895317633205
MAM03517	0.163018281658439
MAM03518	0.339030294509659
MAM03520	-0.47068307032833
MAM03521	-0.095868359801207
MAM03526	0.486131179764992
MAM03546	0.0280427207592547
MAM03547	-0.0478687299913149
MAM03549	-1.02591855083688
MAM03566	-0.415809094640075
MAM03572	0.186917326921444
MAM03579	-0.305907092893787
MAM03582	-0.0335513445165032
MAM03583	0.0335513445165032
MAM03594	0.12225667168837
MAM03634	0.965474651562673
MAM03636	0.211938411520052
MAM03686	-0.691016729703328
MAM03687	-0.361164864272711
MAM03690	0.508173438462168
MAM03705	0.376302869217466
MAM03728	0.269577385682842
MAM03729	-0.728077202064553
MAM03730	0.873171047940869
MAM03731	0.466502923796559
MAM03732	0.0617925950539262
MAM03733	0.232723857235404
MAM03734	0.601428941008107
MAM03735	0.166524726411913
MAM03736	-0.299621496037594
MAM03756	-0.150763862400708
MAM03757	0.0708080765162912
MAM03759	0.492488307307847
MAM03770	0.118676712976946
MAM03780	-0.111184291035626
MAM03781	0.0489434554950812
MAM03782	-0.73720922933804
MAM03783	-0.32543265897919
MAM03784	0.736975351068181
MAM03801	-0.17893192526312
MAM03799	0.176236586338618
MAM03800	0.733414900189117
MAM03892	0.401935762524714
MAM03911	-0.463155389081184
MAM03913	0.299598070944279
MAM03915	0.474848413998664
MAM03916	0.0978312456325809
MAM03917	0.338082980691369
MAM03918	0.0814945730576575
MAM03920	0.0276973125658645
MAM03921	0.381961089024084
MAM03934	-0.329247767019964
MAM03935	0.131372470323479
MAM03952	0.183179016987136
MAM03958	-0.10732364832753
MAM03959	-0.0395890880574579
MAM03961	0.98997921245428
MAM03985	0.91298309228735
MAM03998	0.101650976358581
MAM04000	-1.32428515314018
MAM04001	0.599274400148461
MAM04002	0.424389911745255
MAM04003	0.620702031667073
MAM04007	0.220604666318871
MAM04038	0.169113515553542
MAM04039	0.261566925398171
MAM03737	0.0320494019678078
MAM03914	0.239921942039086
MAM00519	0.60976992728775
MAM00635	-0.316443796133222
MAM02956	-2.33713157222646
MAM00234	-0.981626197555947
MAM01807	-3.02357178687052
MAM00503	-1.51409062147183
MAM00241	-0.695635403561582
MAM01820	0.586988012557008
MAM00510	-0.0890673361276491
MAM01819	-0.199315819719346
MAM00003	-0.025256261034447
MAM00008	0.264658430058832
MAM00010	0.0458089352124566
MAM00017	0.0500460190591352
MAM00019	0.338100919214395
MAM00021	0.166959255948751
MAM00115	0.0910341051687013
MAM00117	0.122819495477367
MAM00260	0.410444512758574
MAM00265	0.0360784170351229
MAM00315	0.449416315103391
MAM00341	0.274460836328894
MAM01197	-1.42362928004857
MAM01207	0.0729807061507708
MAM01235	-0.106732354454133
MAM01238	0.00903787676804498
MAM01582	0.197650241656936
MAM02053	-0.354214064096764
MAM02457	0.047537437422744
MAM02613	-0.45485518919318
MAM02745	0.059228111864439
MAM03045	0.246595048498046
MAM03051	0.212400664355808
MAM03153	0.527820158485996
MAM01395	-0.0517130148782748
MAM01421	0.150081606957015
MAM02837	-1.21099173437634
MAM03971	0.0723616106923556
MAM00591	0.443860630024281
MAM01435	-0.0948431443844315
MAM02328	-0.414596367764996
MAM10001	0.00701460538667172
MAM10002	0.313270040613332
MAM10003	-0.0712818462269953
MAM00235	0.124633213384874
MAM10011	-0.0277331349546312
MAM10023	-0.923018720021374
MAM10025	0.00980593793746054
MAM10026	-0.0836105212862814
MAM10027	0.545771310166421
MAM10028	-0.0884579631269797
MAM10029	1.14290397087116
MAM10030	-0.304707741212243
MAM10031	-0.00980593793746054
MAM10034	0.660163084006333
MAM10041	0.793079382773692
MAM01098	NA
